DNI;APELLIDOS Y NOMBRES;INFORME LABORATORIO 1;INFORME LABORATORIO 2;PRACTICA 1;PRACTICA 2;PRACTICA 3;PRACTICA 4;EXPOSICIÓN
73411530;ANTONIO PURIHUAMAN, BRAYAM;C;B;B;B;C;B;B
00000073159222;ARRASCO YNOÑAN, DIEGO FERNANDO;B;C;C;C;C;B;A
12113093900212;ATOCHE TINEO, FERNANDO JESUS;B;C;C;C;A;C;B
00000073841988;BARRIOS ASENCIO, JHEFRY MIGUEL;C;C;C;C;C;C;C
00000073922295;BURGOS CABREJOS, SANTIAGO RODRIGO;C;B;C;B;C;C;C
00000073835816;CASTILLO FERNANDEZ, SERGIO ALEJANDRO;AD;A;A;A;AD;AD;AD
00000073283004;CASTRO CHOLAN, CARLOS DANIEL;A;B;C;C;C;B;A
00000073283008;CASTRO CHOLAN, JUAN DIEGO;A;A;C;C;C;B;A
00000074107946;CHAPPA AGUILAR, THIAGO PIERO;A;A;B;C;B;A;A
00000073395216;CHUMACERO DELGADO, ALEX DEL PIERO;AD;C;A;A;A;A;A
00000074270242;CHUZON PASTOR, JUAN CARLOS;A;B;C;C;AD;A;A
00000073412401;DIAZ GARCIA, LEANDRO JAVIER;A;B;C;C;C;B;C
00000073728044;FUENTES MAZABEL, JUAN JOSE ELVIS;AD;C;C;A;AD;AD;AD
00000073293683;GARCIA DAMIAN, DIEGO OMAR;A;A;C;B;C;A;A
13105379200208;GONZALES BALDERA, NIKOLAS JESUS;A;A;C;C;C;B;A
13034450700058;INOÑAN CHAVEZ, ALEX FERNANDO;A;B;A;A;C;A;A
11268571400070;MONTERO NAVARRO, SERGIO RAPHAEL;B;C;C;A;C;A;A
00000073291525;NUÑEZ PANTA, JUAN DANIEL;A;C;A;A;A;A;A
00000074114301;NUÑEZ SANCHEZ, GIANFRANCO GABRIEL;A;A;AD;A;AD;AD;A
11141404400330;PADILLA REYES, EDUARDO DANIEL;C;C;C;C;C;C;C
00000074010259;PRADA HERNANDEZ, JEFERSON ANDERSSON;B;C;B;A;AD;B;B
00000061987847;QUISPE PORTOCARRERO, WALTER ANTONIO;B;C;C;C;C;C;C
00000061984732;RETO MECHATO, OWEN DAYRON;B;AD;C;C;C;A;A
00000073716760;ROJAS CALVAY, OMAR ANTHONY;B;A;A;A;A;B;A
13034412700278;SAAVEDRA FLORES, GABRIEL ZAHID;B;AD;C;C;B;C;AD
00000062161200;SALAZAR VILLALOBOS, LUIS ABDIAS;A;A;C;B;A;AD;A
00000074007759;SANDOVAL REYES, PIERO JONATHAN;C;C;C;C;C;C;C
00000073291732;TAMBINI MATIENZO ALEJANDRO JESUS EDUARDO;B;C;C;C;C;C;B
00000061931364;UZURIAGA BURGOS FRANK;C;C;C;C;C;C;C
00000074275073;VASQUEZ NIÑO, ALEXANDER JESHUA;C;C;C;C;C;C;AD
00000061694665;VIGO CAMPOVERDE, CESAR ANTONIO;B;C;C;C;C;B;A
00000073733963;ZAPATA GUZMAN, DAYRON SMITH;C;C;C;C;C;A;B
12155739600090;ZAQUINAULA SANCHEZ, MARCO JOLSEN;C;C;C;C;C;C;C
11264367900030;ZEÑA CARRASCO, EDSON ROYER;C;C;C;C;C;C;A
